City_ID,City,Country,Date,Lat,Lng,Max Temp,Humidity,Cloudiness,Wind Speed
0,Kavaratti,IN,2021-10-28 19:00:09,10.5669,72.642,81.07,76,100,3.98
1,Lalibela,ET,2021-10-28 19:00:10,12.0333,39.0333,58.33,40,78,7.99
2,Ngaoundere,CM,2021-10-28 19:00:11,7.3167,13.5833,66.88,88,4,3.96
3,Naze,JP,2021-10-28 19:00:11,28.3667,129.4833,66.18,62,5,5.75
4,Pevek,RU,2021-10-28 19:00:12,69.7008,170.3133,1.58,96,100,4.34
5,Talnakh,RU,2021-10-28 19:00:13,69.4865,88.3972,-5.64,96,100,9.28
6,Khatanga,RU,2021-10-28 19:00:14,71.9667,102.5,-2.69,97,100,8.81
7,Jacareacanga,BR,2021-10-28 19:00:15,-6.2222,-57.7528,91.83,45,91,3.58
8,Arraial Do Cabo,BR,2021-10-28 19:00:15,-22.9661,-42.0278,73.51,87,100,16.8
9,Qingyuan,CN,2021-10-28 19:00:16,23.7,113.0333,75.18,80,59,4.27
10,Shingu,JP,2021-10-28 19:00:17,33.7333,135.9833,51.66,80,0,7.85
11,Zhigansk,RU,2021-10-28 19:00:17,66.7697,123.3711,18.18,91,100,13.0
12,Ponta Do Sol,PT,2021-10-28 19:00:18,32.6667,-17.1,72.01,72,100,7.07
13,Busselton,AU,2021-10-28 19:00:19,-33.65,115.3333,40.05,83,17,8.34
14,Oktyabrskiy,RU,2021-10-28 19:00:19,54.4815,53.471,38.41,78,100,9.93
15,Chokurdakh,RU,2021-10-28 19:00:20,70.6333,147.9167,-9.29,96,90,4.09
16,Hobart,AU,2021-10-28 19:00:03,-42.8794,147.3294,48.11,95,90,4.0
17,Ratnagiri,IN,2021-10-28 19:00:21,16.9833,73.3,75.7,66,14,5.99
18,Longyearbyen,SJ,2021-10-28 19:00:21,78.2186,15.6401,15.64,79,0,6.91
19,Mar Del Plata,AR,2021-10-28 19:00:05,-38.0023,-57.5575,68.88,85,100,13.0
20,Port Alfred,ZA,2021-10-28 19:00:22,-33.5906,26.891,67.46,96,100,0.2
21,Provideniya,RU,2021-10-28 19:00:23,64.3833,-173.3,13.37,85,100,4.27
22,Dali,CN,2021-10-28 19:00:23,25.7,100.1833,54.54,93,6,4.36
23,Bengkulu,ID,2021-10-28 19:00:24,-3.8004,102.2655,77.4,85,100,2.37
24,Sambava,MG,2021-10-28 19:00:24,-14.2667,50.1667,75.51,79,59,5.91
25,Aripuana,BR,2021-10-28 19:00:25,-9.1667,-60.6333,90.34,50,98,1.41
26,Traralgon,AU,2021-10-28 19:00:25,-38.1833,146.5333,68.41,62,79,6.89
27,Puerto Ayora,EC,2021-10-28 19:00:26,-0.7393,-90.3518,71.55,88,24,5.99
28,Barrow,US,2021-10-28 19:00:26,71.2906,-156.7887,24.82,80,90,10.36
29,Jutai,BR,2021-10-28 19:00:27,-5.1833,-68.9,77.18,94,100,1.14
30,Torbay,CA,2021-10-28 19:00:28,47.6666,-52.7314,39.58,91,100,1.01
31,Victoria,HK,2021-10-28 19:00:27,22.2855,114.1577,77.38,86,69,3.0
32,Hatillo,PR,2021-10-28 19:00:29,18.4863,-66.8254,88.38,66,0,4.0
33,Bure,ET,2021-10-28 19:00:29,10.7,37.0667,57.54,91,100,3.58
34,Coihaique,CL,2021-10-28 18:57:02,-45.5752,-72.0662,65.01,44,100,8.93
35,San Cristobal,VE,2021-10-28 18:59:37,7.7669,-72.225,80.78,65,34,5.97
36,Rikitea,PF,2021-10-28 19:00:30,-23.1203,-134.9692,75.2,81,96,13.11
37,Tuktoyaktuk,CA,2021-10-28 19:00:31,69.4541,-133.0374,27.18,84,100,4.79
38,San Antonio,US,2021-10-28 18:57:06,29.4241,-98.4936,81.61,23,0,1.01
39,San Patricio,US,2021-10-28 19:00:31,28.017,-97.5169,85.87,15,0,18.86
40,Palma,ES,2021-10-28 19:00:32,39.5694,2.6502,63.05,75,20,5.75
41,Rognan,NO,2021-10-28 19:00:32,67.0953,15.3878,46.89,91,100,6.67
42,Sorong,ID,2021-10-28 18:56:08,-0.8833,131.25,80.87,80,78,11.81
43,Ribeira Grande,PT,2021-10-28 19:00:33,38.5167,-28.7,68.4,88,20,9.22
44,Saint George,US,2021-10-28 18:58:45,37.1041,-113.5841,69.35,41,0,1.99
45,Kyzyl-Suu,KG,2021-10-28 19:00:34,42.3414,78.0056,41.59,56,100,4.34
46,Vodnyy,RU,2021-10-28 19:00:34,63.5046,53.4095,21.02,85,42,12.68
47,Katsuura,JP,2021-10-28 19:00:35,35.1333,140.3,59.18,62,56,23.17
48,Cherskiy,RU,2021-10-28 19:00:35,68.75,161.3,-15.03,93,74,3.87
49,Vaini,TO,2021-10-28 19:00:36,-21.2,-175.2,75.27,65,100,16.24
50,Baghdad,IQ,2021-10-28 19:00:36,33.3406,44.4009,78.08,23,36,6.4
51,Port Blair,IN,2021-10-28 19:00:36,11.6667,92.75,80.94,80,52,9.51
52,Labuhan,ID,2021-10-28 19:00:37,-6.8844,112.2051,80.2,82,100,5.97
53,Kutum,SD,2021-10-28 19:00:37,14.2,24.6667,77.05,14,13,14.63
54,Bredasdorp,ZA,2021-10-28 19:00:38,-34.5322,20.0403,59.29,89,67,3.44
55,Baykit,RU,2021-10-28 19:00:38,61.67,96.37,7.43,100,94,1.74
56,Ishigaki,JP,2021-10-28 19:00:39,24.3448,124.1572,74.57,68,100,18.48
57,Norman Wells,CA,2021-10-28 19:00:39,65.282,-126.8329,24.49,91,100,5.73
58,Avera,US,2021-10-28 19:00:40,33.194,-82.5271,63.45,97,100,14.43
59,Constantine,DZ,2021-10-28 19:00:41,36.365,6.6147,60.78,64,93,3.6
60,Salalah,OM,2021-10-28 19:00:41,17.0151,54.0924,78.57,74,36,5.66
61,Ahipara,NZ,2021-10-28 19:00:41,-35.1667,173.1667,59.99,89,20,10.71
62,Souillac,MU,2021-10-28 19:00:42,-20.5167,57.5167,75.36,77,0,5.93
63,Hovd,MN,2021-10-28 19:00:42,48.0056,91.6419,35.91,52,78,3.94
64,Valparaiso,CL,2021-10-28 19:00:43,-33.0393,-71.6273,67.46,61,12,12.12
65,Dikson,RU,2021-10-28 19:00:43,73.5069,80.5464,7.66,92,100,9.73
66,Blackwater,AU,2021-10-28 19:00:44,-23.5833,148.8833,70.74,83,69,2.13
67,Los Llanos De Aridane,ES,2021-10-28 19:00:45,28.6585,-17.9182,67.75,86,40,10.36
68,Qaqortoq,GL,2021-10-28 19:00:45,60.7167,-46.0333,30.7,76,86,5.03
69,Hay River,CA,2021-10-28 19:00:46,60.8156,-115.7999,35.56,93,75,5.75
70,Thompson,CA,2021-10-28 18:56:24,55.7435,-97.8558,39.36,93,90,11.5
71,Inhambane,MZ,2021-10-28 19:00:47,-23.865,35.3833,67.82,64,14,8.59
72,Bluff,NZ,2021-10-28 19:00:47,-46.6,168.3333,54.64,88,34,2.89
73,Aloleng,PH,2021-10-28 19:00:48,16.1307,119.7824,78.75,75,77,7.58
74,Yarmouth,US,2021-10-28 19:00:48,41.7057,-70.2286,52.97,81,100,23.0
75,Nikolskoye,RU,2021-10-28 19:00:48,59.7035,30.7861,46.87,87,100,8.43
76,Mataura,NZ,2021-10-28 19:00:49,-46.1927,168.8643,50.59,92,17,2.82
77,Parkent,UZ,2021-10-28 19:00:49,41.2944,69.6764,42.62,85,100,2.68
78,Rawson,AR,2021-10-28 19:00:50,-43.3002,-65.1023,68.18,41,14,11.95
79,Cape Town,ZA,2021-10-28 19:00:50,-33.9258,18.4232,65.08,70,18,7.72
80,Albany,US,2021-10-28 19:00:01,42.6001,-73.9662,60.8,72,0,2.53
81,Richards Bay,ZA,2021-10-28 19:00:51,-28.783,32.0377,67.17,71,32,13.65
82,Borovskoy,KZ,2021-10-28 19:00:51,53.8,64.15,35.62,68,84,16.13
83,Ushuaia,AR,2021-10-28 19:00:52,-54.8,-68.3,57.67,52,75,10.92
84,Yushu,CN,2021-10-28 19:00:52,44.8,126.5333,39.76,62,0,6.35
85,Hermanus,ZA,2021-10-28 19:00:52,-34.4187,19.2345,62.91,91,10,3.2
86,Sao Filipe,CV,2021-10-28 19:00:53,14.8961,-24.4956,78.94,78,100,10.92
87,Agadez,NE,2021-10-28 19:00:53,19.75,10.25,83.7,12,60,8.59
88,Alice Springs,AU,2021-10-28 19:00:54,-23.7,133.8833,76.55,22,37,10.36
89,Ambon,ID,2021-10-28 19:00:54,-3.6954,128.1814,80.96,79,100,2.33
90,Mahebourg,MU,2021-10-28 19:00:55,-20.4081,57.7,75.25,76,4,9.8
91,San Juan,AR,2021-10-28 19:00:55,-31.5375,-68.5364,97.86,11,37,7.23
92,Lokosovo,RU,2021-10-28 19:00:56,61.1333,74.8167,30.65,96,100,12.64
93,Tuatapere,NZ,2021-10-28 19:00:56,-46.1333,167.6833,52.34,90,58,2.77
94,Kapaa,US,2021-10-28 19:00:57,22.0752,-159.319,74.48,99,63,1.01
95,Sao Geraldo Do Araguaia,BR,2021-10-28 19:00:57,-6.4006,-48.555,84.06,60,100,1.23
96,Georgetown,MY,2021-10-28 19:00:58,5.4112,100.3354,78.73,89,40,5.75
97,Iqaluit,CA,2021-10-28 19:00:58,63.7506,-68.5145,36.7,64,100,3.83
98,Chardara,KZ,2021-10-28 19:00:59,41.2547,67.9692,48.42,78,100,6.78
99,Asau,RO,2021-10-28 19:00:59,46.4333,26.4,48.76,60,10,2.8
100,Saint-Philippe,RE,2021-10-28 19:00:59,-21.3585,55.7679,74.79,78,2,9.13
101,Codrington,AU,2021-10-28 19:01:00,-38.2667,141.9667,46.99,92,100,24.67
102,Yellowknife,CA,2021-10-28 19:01:00,62.456,-114.3525,35.42,99,100,4.23
103,Aksarka,RU,2021-10-28 19:01:01,66.5606,67.7975,23.97,97,100,4.9
104,Nainpur,IN,2021-10-28 19:01:02,22.4333,80.1167,61.23,52,12,3.89
105,Aklavik,CA,2021-10-28 19:01:03,68.2191,-135.0107,17.11,96,81,5.19
106,Atuona,PF,2021-10-28 19:01:04,-9.8,-139.0333,78.15,70,0,16.26
107,Keetmanshoop,NA,2021-10-28 19:01:04,-26.5833,18.1333,74.01,35,6,16.73
108,Urumqi,CN,2021-10-28 19:01:05,43.801,87.6005,45.55,46,0,6.71
109,Faya,SA,2021-10-28 19:01:05,18.3851,42.4509,61.83,60,6,3.74
110,Viedma,AR,2021-10-28 19:01:05,-40.8135,-62.9967,99.86,12,16,14.81
111,Rudbar,AF,2021-10-28 19:01:06,30.15,62.6,65.41,28,7,5.75
112,Killybegs,IE,2021-10-28 19:01:06,54.6333,-8.45,47.91,80,37,8.16
113,Avarua,CK,2021-10-28 19:01:07,-21.2078,-159.775,73.45,73,13,13.8
114,Bilibino,RU,2021-10-28 19:01:07,68.0546,166.4372,-21.15,98,12,3.49
115,Lebu,CL,2021-10-28 19:01:08,-37.6167,-73.65,58.35,77,0,15.52
116,Mutoko,ZW,2021-10-28 19:01:08,-17.397,32.2268,61.21,65,33,10.67
117,Broken Hill,AU,2021-10-28 19:01:08,-31.95,141.4333,56.55,52,0,13.56
118,Saskylakh,RU,2021-10-28 19:01:09,71.9167,114.0833,2.86,96,100,7.99
119,Alyangula,AU,2021-10-28 19:01:10,-13.8483,136.4192,81.18,71,74,9.44
120,North Vanlaiphai,IN,2021-10-28 19:01:10,23.1333,93.0667,56.91,98,88,2.35
121,Ancud,CL,2021-10-28 19:01:10,-41.8697,-73.8203,57.38,67,21,9.31
122,New Norfolk,AU,2021-10-28 19:01:11,-42.7826,147.0587,47.75,78,100,4.0
123,Mahibadhoo,MV,2021-10-28 19:01:11,3.7833,72.9667,82.11,73,23,7.36
124,Esperance,AU,2021-10-28 19:01:12,-33.8667,121.9,53.26,73,87,8.52
125,Faanui,PF,2021-10-28 19:01:12,-16.4833,-151.75,78.69,80,53,7.67
126,Nishihara,JP,2021-10-28 19:01:12,26.1842,127.7558,70.88,56,20,6.91
127,Roald,NO,2021-10-28 19:01:13,62.5833,6.1333,53.33,93,75,1.14
128,Port-Gentil,GA,2021-10-28 19:01:13,-0.7193,8.7815,79.02,85,100,12.93
129,Hithadhoo,MV,2021-10-28 19:01:14,-0.6,73.0833,83.16,75,100,15.66
130,Azangaro,PE,2021-10-28 19:01:14,-14.9167,-70.2167,66.07,23,99,8.19
131,Yar-Sale,RU,2021-10-28 19:01:15,66.8333,70.8333,22.17,95,100,15.08
132,Wahiawa,US,2021-10-28 19:01:15,21.5028,-158.0236,77.79,85,75,5.75
133,Muros,ES,2021-10-28 19:01:15,42.7762,-9.0603,62.24,88,100,6.71
134,East London,ZA,2021-10-28 19:01:16,-33.0153,27.9116,67.48,92,100,12.95
135,Vanimo,PG,2021-10-28 19:01:16,-2.6741,141.3028,77.14,89,94,4.85
136,Sola,VU,2021-10-28 19:01:17,-13.8833,167.55,81.3,74,28,13.65
137,Urubicha,BO,2021-10-28 19:01:17,-15.3833,-62.95,91.54,43,60,2.01
138,Jamestown,US,2021-10-28 18:59:49,42.097,-79.2353,65.01,57,100,4.0
139,Tiksi,RU,2021-10-28 19:01:18,71.6872,128.8694,11.44,96,100,4.72
140,Umba,RU,2021-10-28 19:01:18,66.6871,34.3429,31.26,96,100,22.73
141,Kudahuvadhoo,MV,2021-10-28 19:01:19,2.6708,72.8944,81.66,76,30,9.62
142,Obo,CF,2021-10-28 19:01:19,5.3998,26.4869,73.29,83,97,0.34
143,Matara,LK,2021-10-28 19:01:20,5.9485,80.5353,76.5,92,100,5.41
144,Bethel,US,2021-10-28 18:56:36,41.3712,-73.414,59.4,69,0,1.01
145,Airai,TL,2021-10-28 19:01:21,-8.9266,125.4092,61.99,88,100,1.3
146,Grand-Santi,GF,2021-10-28 19:01:21,4.25,-54.3833,96.75,28,99,4.99
147,Clyde River,CA,2021-10-28 19:01:22,70.4692,-68.5914,34.03,93,90,11.5
148,Keti Bandar,PK,2021-10-28 19:01:22,24.1447,67.4497,80.56,48,0,5.23
149,Harper,LR,2021-10-28 19:01:23,4.375,-7.7169,78.53,84,96,6.73
150,Maturin,VE,2021-10-28 19:01:23,9.75,-63.1767,82.0,78,67,5.21
151,Chuy,UY,2021-10-28 19:01:24,-33.6971,-53.4616,76.66,53,0,11.9
152,Bolshevik,BY,2021-10-28 19:01:24,54.0065,27.5692,52.63,96,100,5.66
153,Niquelandia,BR,2021-10-28 19:01:25,-14.4739,-48.4597,95.59,24,68,7.18
154,Romilly-Sur-Seine,FR,2021-10-28 19:01:25,48.5108,3.7263,56.19,71,9,9.46
155,Altamira,BR,2021-10-28 19:01:25,-3.2033,-52.2064,88.32,53,100,0.49
156,Hilo,US,2021-10-28 18:56:41,19.7297,-155.09,78.24,75,45,4.0
157,Krasnyy Chikoy,RU,2021-10-28 19:01:26,50.3643,108.7512,34.77,95,100,4.36
158,Paamiut,GL,2021-10-28 19:01:26,61.994,-49.6678,33.4,70,100,18.95
159,Vestmannaeyjar,IS,2021-10-28 19:01:27,63.4427,-20.2734,42.48,84,100,11.32
160,Smithers,CA,2021-10-28 18:59:20,54.7804,-127.1743,35.92,93,75,0.0
161,Mangrol,IN,2021-10-28 19:01:28,21.1167,70.1167,82.11,63,100,2.39
162,La Palma,US,2021-10-28 19:01:28,33.8464,-118.0467,92.71,31,1,3.0
163,Castro,BR,2021-10-28 19:01:28,-24.7911,-50.0119,69.37,80,85,9.04
164,Oltu,TR,2021-10-28 19:01:29,40.5498,42.0013,44.98,54,4,1.79
165,Tasiilaq,GL,2021-10-28 19:01:29,65.6145,-37.6368,30.36,76,100,8.23
166,Isangel,VU,2021-10-28 19:01:30,-19.55,169.2667,75.99,86,41,10.47
167,Masuguru,TZ,2021-10-28 19:01:30,-11.3667,38.4167,83.55,42,7,3.06
168,Marawi,PH,2021-10-28 19:01:31,7.9986,124.2928,66.65,94,30,1.54
169,Tura,IN,2021-10-28 19:01:31,25.5198,90.2201,67.08,91,0,3.91
170,Molochnoye,RU,2021-10-28 19:01:32,59.2917,39.6787,28.38,82,20,5.08
171,Letterkenny,IE,2021-10-28 19:01:32,54.95,-7.7333,53.49,94,100,3.76
172,Kaberamaido,UG,2021-10-28 19:01:32,1.7389,33.1594,73.06,71,98,2.37
173,Klaksvik,FO,2021-10-28 19:01:33,62.2266,-6.589,49.12,89,23,21.0
174,Vao,NC,2021-10-28 19:01:33,-22.6667,167.4833,70.72,68,0,12.82
175,Punta Arenas,CL,2021-10-28 19:00:20,-53.15,-70.9167,55.53,63,100,14.92
176,Junin,AR,2021-10-28 19:01:34,-34.5838,-60.9433,97.99,14,100,16.4
177,Khilok,RU,2021-10-28 19:01:34,51.3674,110.4676,32.95,96,100,4.23
178,Umm Lajj,SA,2021-10-28 19:01:35,25.0213,37.2685,81.99,55,0,4.45
179,Sovetskaya Gavan,RU,2021-10-28 19:01:35,48.9723,140.2878,34.7,77,1,5.84
180,Rio Casca,BR,2021-10-28 19:01:36,-20.2261,-42.6508,83.64,54,100,3.62
181,Bubaque,GW,2021-10-28 19:01:36,11.2833,-15.8333,83.01,71,20,7.23
182,Ostrovnoy,RU,2021-10-28 19:01:37,68.0531,39.5131,25.56,76,100,11.39
183,Port Hedland,AU,2021-10-28 19:01:37,-20.3167,118.5667,71.65,78,5,10.36
184,Ochamchira,GE,2021-10-28 19:01:38,42.7121,41.4721,53.78,73,49,3.4
185,Perth,AU,2021-10-28 19:00:12,-31.9333,115.8333,54.09,79,0,11.5
186,Sorland,NO,2021-10-28 19:01:38,67.667,12.6934,48.06,89,100,18.63
187,Kununurra,AU,2021-10-28 19:01:39,-15.7667,128.7333,82.38,74,75,3.44
188,Butaritari,KI,2021-10-28 19:01:39,3.0707,172.7902,81.72,70,11,11.21
189,Talara,PE,2021-10-28 19:01:40,-4.5772,-81.2719,69.84,74,14,18.97
190,Bajil,YE,2021-10-28 19:01:40,15.0584,43.2851,86.58,45,2,1.54
191,Les Cayes,HT,2021-10-28 19:01:41,18.2,-73.75,84.94,68,20,10.16
192,San Quintin,MX,2021-10-28 19:01:41,30.4833,-115.95,75.87,36,0,5.97
193,Severo-Kurilsk,RU,2021-10-28 19:01:42,50.6789,156.125,41.7,88,100,6.24
194,Beloha,MG,2021-10-28 19:01:42,-25.1667,45.05,64.53,59,17,10.85
195,Taltal,CL,2021-10-28 19:01:43,-25.4,-70.4833,67.5,60,22,5.99
196,Graham,US,2021-10-28 19:00:19,47.0529,-122.2943,62.62,87,100,1.01
197,Phangnga,TH,2021-10-28 19:01:43,8.4509,98.5298,86.92,93,100,2.95
198,Cabedelo,BR,2021-10-28 19:01:44,-6.9811,-34.8339,81.72,62,87,17.29
199,Namibe,AO,2021-10-28 19:01:44,-15.1961,12.1522,67.12,72,5,10.29
200,Bairiki,KI,2021-10-28 19:01:44,1.3292,172.9752,80.89,73,12,11.18
201,Cacador,BR,2021-10-28 19:01:45,-26.7753,-51.015,68.97,78,94,5.44
202,Qaanaaq,GL,2021-10-28 19:01:45,77.484,-69.3632,21.27,92,100,8.01
203,Guarapari,BR,2021-10-28 19:01:46,-20.6667,-40.4975,76.69,79,100,9.66
204,Payo,ID,2021-10-28 19:01:46,-3.7508,103.6372,73.67,98,96,0.83
205,Palu,ID,2021-10-28 19:01:46,-0.8917,119.8707,74.89,96,100,2.68
206,Tigil,RU,2021-10-28 19:01:47,57.8,158.6667,31.42,98,100,4.65
207,Beringovskiy,RU,2021-10-28 19:01:47,63.05,179.3167,4.59,90,30,7.96
208,Lagoa,PT,2021-10-28 19:01:48,39.05,-27.9833,67.23,79,77,15.88
209,Shelbyville,US,2021-10-28 19:01:48,35.4834,-86.4603,64.92,82,75,11.5
210,Kirakira,SB,2021-10-28 19:01:49,-10.4544,161.9205,80.74,83,66,6.67
211,Mopti,ML,2021-10-28 19:01:49,14.6667,-4.0,91.53,32,100,5.41
212,Port Elizabeth,ZA,2021-10-28 19:01:50,-33.918,25.5701,69.1,90,100,11.1
213,Aykhal,RU,2021-10-28 19:01:50,66.0,111.5,6.78,94,100,20.33
214,Salinopolis,BR,2021-10-28 18:58:19,-0.6136,-47.3561,81.43,78,59,6.69
215,Kodiak,US,2021-10-28 19:01:51,57.79,-152.4072,35.24,66,10,4.76
216,Launceston,AU,2021-10-28 19:01:52,-41.45,147.1667,50.61,92,90,8.99
217,Banda Aceh,ID,2021-10-28 19:01:52,5.5577,95.3222,79.92,84,92,6.2
218,Laguna,US,2021-10-28 19:01:25,38.421,-121.4238,76.84,83,40,3.0
219,Half Moon Bay,US,2021-10-28 19:01:53,37.4636,-122.4286,75.72,61,1,16.11
220,Halifax,CA,2021-10-28 18:59:07,44.6453,-63.5724,51.22,70,90,7.0
221,Hamilton,US,2021-10-28 19:00:00,39.1834,-84.5333,58.08,94,90,4.61
222,Cyangugu,RW,2021-10-28 19:01:54,-2.4846,28.9075,61.56,96,100,0.43
223,Aberdeen,GB,2021-10-28 19:01:36,57.1437,-2.0981,52.21,94,20,4.61
224,Belmonte,BR,2021-10-28 19:01:54,-15.8631,-38.8828,78.96,72,13,10.76
225,Owando,CG,2021-10-28 19:01:55,-0.4819,15.8999,76.39,76,60,2.26
226,Dondo,MZ,2021-10-28 19:01:55,-19.6094,34.7431,74.71,73,56,6.15
227,Nanortalik,GL,2021-10-28 19:01:56,60.1432,-45.2371,36.61,70,100,4.59
228,Karksi-Nuia,EE,2021-10-28 18:59:11,58.1033,25.5628,53.47,92,100,11.07
229,Praya,CV,2021-10-28 19:01:56,14.9215,-23.5087,75.74,94,75,9.22
230,Rocha,UY,2021-10-28 19:01:09,-34.4833,-54.3333,82.67,49,0,10.54
231,Prince Rupert,CA,2021-10-28 19:01:57,54.3161,-130.3201,44.29,74,34,1.66
232,Baruun-Urt,MN,2021-10-28 19:01:57,46.6806,113.2792,38.64,49,100,6.87
233,Sitka,US,2021-10-28 19:01:58,57.0531,-135.33,40.24,88,89,4.09
234,Kurganinsk,RU,2021-10-28 19:01:58,44.88,40.5986,46.15,60,100,5.46
235,Upernavik,GL,2021-10-28 19:01:59,72.7868,-56.1549,19.42,58,91,4.83
236,Kemijarvi,FI,2021-10-28 19:01:59,66.7131,27.4306,37.26,99,100,8.57
237,Cabo San Lucas,MX,2021-10-28 18:57:16,22.8909,-109.9124,86.61,54,0,3.76
238,Shwebo,MM,2021-10-28 19:02:00,22.5667,95.7,72.84,86,72,3.58
239,Hami,CN,2021-10-28 19:02:01,42.8,93.45,49.41,35,36,3.94
240,Olenino,RU,2021-10-28 19:02:02,56.2092,33.4889,40.26,86,100,2.33
241,Odda,NO,2021-10-28 19:02:03,60.0691,6.5457,56.77,99,100,8.72
242,Sterling,US,2021-10-28 19:02:04,39.0062,-77.4286,67.77,68,75,1.99
243,Atambua,ID,2021-10-28 19:02:04,-9.1061,124.8925,76.51,85,100,1.88
244,Ahuimanu,US,2021-10-28 19:02:05,21.4447,-157.8378,80.78,76,92,7.87
245,Carnarvon,AU,2021-10-28 19:02:05,-24.8667,113.6333,64.89,60,0,23.76
246,Nanakuli,US,2021-10-28 19:02:05,21.3906,-158.1547,81.03,88,75,5.75
247,Ambilobe,MG,2021-10-28 19:02:06,-13.2,49.05,74.37,87,73,3.24
248,Touros,BR,2021-10-28 19:02:06,-5.1989,-35.4608,82.56,60,87,17.72
249,De Aar,ZA,2021-10-28 19:02:07,-30.6497,24.0123,58.14,88,100,26.13
250,Puerto Carreno,CO,2021-10-28 19:02:07,6.189,-67.4859,78.78,79,100,1.72
251,North Bend,US,2021-10-28 18:58:04,43.4065,-124.2243,70.25,97,90,8.05
252,Ghogha,IN,2021-10-28 19:02:08,21.6833,72.2833,82.24,48,55,14.67
253,Sainte-Rose,GP,2021-10-28 19:02:08,16.3324,-61.6979,86.04,62,20,9.22
254,Tabas,IR,2021-10-28 19:02:09,33.5959,56.9244,60.94,33,0,3.2
255,Schela,RO,2021-10-28 19:02:09,45.5,27.8167,51.6,53,14,0.92
256,Arys,KZ,2021-10-28 19:02:09,42.4252,68.795,43.02,85,100,1.59
257,San-Pedro,CI,2021-10-28 19:02:10,4.7485,-6.6363,78.44,84,90,4.79
258,Acarau,BR,2021-10-28 18:58:28,-2.8856,-40.12,85.1,62,2,19.19
259,Turukhansk,RU,2021-10-28 19:02:10,65.8167,87.9833,13.12,88,100,13.04
260,Tezu,IN,2021-10-28 19:02:11,27.9167,96.1667,66.13,54,0,4.34
261,Zemio,CF,2021-10-28 19:02:11,5.0314,25.1361,72.0,87,100,0.92
262,Bitung,ID,2021-10-28 19:02:12,1.4451,125.1824,77.85,82,98,3.42
263,Galesong,ID,2021-10-28 19:02:12,-5.3166,119.3661,73.42,76,99,5.12
264,Adwa,ET,2021-10-28 19:02:13,14.1646,38.8955,65.41,34,7,12.06
265,Coquimbo,CL,2021-10-28 19:01:21,-29.9533,-71.3436,63.48,76,43,7.2
266,Alofi,NU,2021-10-28 19:02:13,-19.0595,-169.9187,76.3,73,5,18.79
267,Flinders,AU,2021-10-28 19:02:14,-34.5833,150.8552,68.2,78,100,1.01
268,Manzhouli,CN,2021-10-28 19:02:14,49.6,117.4333,35.87,60,9,1.59
269,Camana,PE,2021-10-28 19:02:15,-16.6228,-72.7111,68.97,74,52,8.16
270,Shasta Lake,US,2021-10-28 19:02:15,40.6804,-122.3708,74.35,51,1,2.17
271,Krutinka,RU,2021-10-28 19:02:16,56.0055,71.5113,36.66,62,17,19.64
272,Arona,ES,2021-10-28 19:02:16,28.0996,-16.681,66.7,62,20,16.11
273,Nouadhibou,MR,2021-10-28 19:02:17,20.931,-17.0347,68.47,76,5,20.33
274,Flagstaff,US,2021-10-28 19:02:17,35.1981,-111.6513,65.48,37,1,11.01
275,Lamu,KE,2021-10-28 19:02:17,-2.2717,40.902,79.02,83,2,12.19
276,Moose Factory,CA,2021-10-28 19:02:18,51.2585,-80.6094,53.4,55,0,5.61
277,Hualmay,PE,2021-10-28 19:02:18,-11.0964,-77.6139,68.83,72,47,10.4
278,Amahai,ID,2021-10-28 19:02:19,-3.3333,128.9167,78.37,85,98,3.36
279,Manicore,BR,2021-10-28 19:02:19,-5.8092,-61.3003,89.69,55,95,3.15
280,Soyo,AO,2021-10-28 19:02:20,-6.1349,12.3689,77.23,79,3,11.07
281,Jeremie,HT,2021-10-28 19:02:20,18.65,-74.1167,84.33,65,93,2.33
282,Havelock,US,2021-10-28 19:02:21,34.8791,-76.9013,71.06,76,100,8.99
283,Le Port,RE,2021-10-28 19:02:21,-20.9373,55.2919,75.2,97,2,11.3
284,Kaitangata,NZ,2021-10-28 19:02:22,-46.2817,169.8464,52.09,90,61,2.8
285,Havre-Saint-Pierre,CA,2021-10-28 19:02:22,50.2334,-63.5986,50.68,48,0,3.83
286,Pisco,PE,2021-10-28 19:02:22,-13.7,-76.2167,66.02,85,71,8.52
287,Akdagmadeni,TR,2021-10-28 19:02:23,39.6603,35.8836,42.93,73,78,4.94
288,Mount Gambier,AU,2021-10-28 19:00:52,-37.8333,140.7667,45.77,91,100,12.86
289,Deloraine,AU,2021-10-28 19:02:24,-41.5333,146.6667,48.15,1,100,8.1
290,Lavrentiya,RU,2021-10-28 19:02:24,65.5833,-171.0,15.78,85,100,6.98
291,Jasper,US,2021-10-28 19:00:27,37.2001,-94.3502,50.54,87,100,8.99
292,Campo Verde,BR,2021-10-28 19:02:25,-20.4167,-54.0667,86.95,49,99,8.3
293,Imeni Zhelyabova,RU,2021-10-28 19:02:25,58.9544,36.5956,36.7,90,100,4.25
294,College,US,2021-10-28 19:02:26,64.8569,-147.8028,22.28,92,90,3.44
295,Petropavlovsk-Kamchatskiy,RU,2021-10-28 19:02:26,53.0452,158.6483,28.99,100,75,6.71
296,Tromso,NO,2021-10-28 19:01:47,69.6496,18.957,45.25,87,75,5.01
297,Amapa,BR,2021-10-28 19:02:27,1.0,-52.0,93.15,38,100,3.47
298,Kamaishi,JP,2021-10-28 19:02:27,39.2667,141.8833,47.35,76,0,5.7
299,Necochea,AR,2021-10-28 19:02:27,-38.5473,-58.7368,86.86,41,80,11.36
300,Terrace Bay,CA,2021-10-28 19:02:28,48.7834,-87.1,50.97,81,100,8.52
301,Saldanha,ZA,2021-10-28 19:02:28,-33.0117,17.9442,59.74,92,0,9.4
302,Mackay,AU,2021-10-28 19:00:05,-21.15,149.2,72.05,76,4,10.18
303,Saint-Pierre,RE,2021-10-28 19:02:29,-21.3393,55.4781,74.88,68,75,3.44
304,Polunochnoye,RU,2021-10-28 19:02:29,60.8697,60.4153,21.27,66,7,14.63
305,Livadiya,RU,2021-10-28 19:02:30,42.8692,132.6764,42.19,67,0,7.02
306,Port Lincoln,AU,2021-10-28 19:02:30,-34.7333,135.8667,54.45,69,80,16.46
307,Mouila,GA,2021-10-28 19:02:31,-1.8685,11.0559,74.5,98,97,2.98
308,Zarnesti,RO,2021-10-28 19:02:31,45.3,26.8667,49.44,49,65,2.73
309,Bandarbeyla,SO,2021-10-28 19:02:31,9.4942,50.8122,78.01,68,0,8.86
310,Tessalit,ML,2021-10-28 19:02:32,20.1986,1.0114,88.23,15,100,10.58
311,Brokopondo,SR,2021-10-28 19:02:32,4.75,-55.1667,89.26,49,11,3.98
312,Catamarca,AR,2021-10-28 19:00:51,-28.4696,-65.7852,98.04,24,11,15.01
313,Sur,OM,2021-10-28 19:02:33,22.5667,59.5289,78.42,65,0,3.49
314,Cairns,AU,2021-10-28 19:02:34,-16.9167,145.7667,71.55,92,67,0.0
315,Batagay,RU,2021-10-28 19:02:34,67.6333,134.6333,14.34,91,100,3.22
316,Wallaceburg,CA,2021-10-28 19:00:00,42.593,-82.3885,62.71,66,100,17.81
317,Saurimo,AO,2021-10-28 19:02:35,-9.6608,20.3916,65.34,96,100,5.03
318,Belaya Gora,RU,2021-10-28 19:02:35,68.5333,146.4167,0.55,94,100,2.15
319,Moscow,RU,2021-10-28 18:58:18,55.7522,37.6156,45.37,80,100,8.52
320,Soe,ID,2021-10-28 19:02:36,-9.8607,124.284,68.04,90,87,3.13
321,Cidreira,BR,2021-10-28 19:02:36,-30.1811,-50.2056,71.58,74,0,16.2
322,Lakota,CI,2021-10-28 19:02:37,5.8528,-5.6883,73.29,98,86,3.36
323,Ewa Beach,US,2021-10-28 19:02:37,21.3156,-158.0072,82.02,82,75,5.75
324,Lata,PT,2021-10-28 19:02:38,40.1629,-8.3327,64.92,67,100,5.17
325,Geraldton,AU,2021-10-28 19:02:38,-28.7667,114.6,48.61,81,5,10.36
326,Husavik,IS,2021-10-28 19:02:38,66.0449,-17.3389,40.26,97,100,17.27
327,Batticaloa,LK,2021-10-28 19:02:39,7.7102,81.6924,79.47,83,100,5.35
328,Jiazi,CN,2021-10-28 19:02:39,22.8779,116.067,73.15,79,100,13.31
329,Mongu,ZM,2021-10-28 19:02:40,-15.2484,23.1274,76.17,53,62,5.03
330,Chapais,CA,2021-10-28 19:02:40,49.7834,-74.8492,51.21,35,0,6.46
331,Kenai,US,2021-10-28 19:02:41,60.5544,-151.2583,32.09,94,100,13.8
332,Mwene-Ditu,CD,2021-10-28 19:02:41,-7.0,23.45,67.12,91,100,4.99
333,Surt,LY,2021-10-28 19:02:41,31.2089,16.5887,72.75,68,93,10.11
334,Saint-Augustin,CA,2021-10-28 19:02:42,51.226,-58.6502,47.23,47,0,7.31
335,Asyut,EG,2021-10-28 19:02:42,27.181,31.1837,83.46,18,99,6.44
336,Aguadilla,PR,2021-10-28 19:02:43,18.4275,-67.1541,88.68,71,1,1.01
337,Vila,PT,2021-10-28 19:02:43,42.0304,-8.1588,53.74,84,100,8.77
338,Susangerd,IR,2021-10-28 19:02:43,31.5608,48.1831,73.42,16,78,7.63
339,Kattivakkam,IN,2021-10-28 19:02:44,13.2167,80.3167,78.89,82,62,8.41
340,Lorengau,PG,2021-10-28 19:02:44,-2.0226,147.2712,81.27,78,100,4.85
341,Maba,CN,2021-10-28 19:02:45,24.6841,113.5984,66.16,79,99,3.85
342,Sillanwali,PK,2021-10-28 19:02:45,31.8261,72.5398,70.81,25,0,3.89
343,Mogadishu,SO,2021-10-28 19:02:46,2.0371,45.3438,79.9,75,73,10.0
344,Milazzo,IT,2021-10-28 19:02:46,38.2212,15.2383,66.58,76,100,3.0
345,Uray,RU,2021-10-28 19:02:46,60.1247,64.7758,34.43,89,100,13.4
346,Saint Anthony,US,2021-10-28 19:02:47,45.0205,-93.218,49.15,91,90,1.01
347,Te Anau,NZ,2021-10-28 19:02:47,-45.4167,167.7167,48.49,87,16,0.29
348,Leningradskiy,RU,2021-10-28 19:02:48,69.3833,178.4167,5.18,91,100,8.79
349,Bradley,US,2021-10-28 19:02:48,35.1501,-84.8666,57.43,95,90,4.61
350,Mezen,RU,2021-10-28 19:02:49,65.8522,44.24,24.58,99,100,4.32
351,Graaff-Reinet,ZA,2021-10-28 19:02:49,-32.2522,24.5308,59.92,87,100,4.32
352,El Alto,PE,2021-10-28 19:02:50,-4.2714,-81.2147,70.92,68,14,18.12
353,Traverse City,US,2021-10-28 19:02:50,44.7631,-85.6206,64.72,45,75,10.36
354,Da Nang,VN,2021-10-28 19:02:50,16.0678,108.2208,78.78,94,75,2.3
355,Mount Isa,AU,2021-10-28 19:02:51,-20.7333,139.5,73.17,94,40,6.91
356,Srednekolymsk,RU,2021-10-28 19:02:51,67.45,153.6833,-9.87,99,54,1.95
357,Vila Franca Do Campo,PT,2021-10-28 19:02:52,37.7167,-25.4333,68.41,88,99,6.55
358,Bathsheba,BB,2021-10-28 19:02:52,13.2167,-59.5167,82.9,66,25,10.89
359,Raudeberg,NO,2021-10-28 19:02:53,61.9875,5.1352,52.2,96,100,14.56
360,Mujiayingzi,CN,2021-10-28 19:02:53,42.1167,118.7833,45.9,47,91,6.06
361,Verkhnevilyuysk,RU,2021-10-28 19:02:53,63.4453,120.3167,21.51,76,100,13.15
362,Pangkalanbuun,ID,2021-10-28 19:02:54,-2.6833,111.6167,73.15,98,100,1.83
363,Korla,CN,2021-10-28 19:02:54,41.7597,86.1469,48.74,41,69,1.9
364,Moctezuma,MX,2021-10-28 19:02:55,29.8,-109.6667,81.79,12,0,2.59
365,Mafinga,TZ,2021-10-28 19:02:55,-7.25,35.0667,76.73,46,71,7.99
366,Henties Bay,NA,2021-10-28 19:02:55,-22.116,14.2845,61.86,85,25,7.47
367,Champerico,GT,2021-10-28 19:02:56,14.3,-91.9167,90.14,74,14,8.03
368,Axim,GH,2021-10-28 19:02:56,4.8699,-2.2405,78.87,86,95,5.23
369,Muli,MV,2021-10-28 19:02:57,2.9167,73.5667,82.13,73,15,7.92
370,Dingli,MT,2021-10-28 19:02:57,35.8614,14.3822,60.96,94,75,21.85
371,Guerrero Negro,MX,2021-10-28 19:02:57,27.9769,-114.0611,81.5,24,0,1.95
372,Katobu,ID,2021-10-28 19:02:58,-4.9408,122.5276,75.69,92,92,2.55
373,Sorkjosen,NO,2021-10-28 19:02:58,69.8,20.9333,40.19,91,100,9.35
374,Nuuk,GL,2021-10-28 19:02:59,64.1835,-51.7216,30.81,69,75,13.8
375,Ayan,RU,2021-10-28 19:02:59,56.45,138.1667,37.49,62,98,3.85
376,Vila Velha,BR,2021-10-28 19:03:00,-20.3297,-40.2925,77.85,71,100,8.08
377,Iskateley,RU,2021-10-28 19:03:00,67.6803,53.1512,21.45,74,12,14.03
378,Beyneu,KZ,2021-10-28 19:03:00,45.3167,55.2,42.06,31,5,9.44
379,Jojoima,SL,2021-10-28 19:03:01,7.8792,-10.7878,74.01,94,100,2.51
380,Knyaze-Volkonskoye,RU,2021-10-28 19:03:01,48.4642,135.4567,30.54,79,0,6.55
381,Bodden Town,KY,2021-10-28 19:03:02,19.2833,-81.25,89.6,66,40,11.5
382,Nueve De Julio,AR,2021-10-28 19:03:03,-35.4444,-60.8831,95.72,16,100,18.63
383,Galle,LK,2021-10-28 19:03:03,6.0367,80.217,76.33,92,100,7.34
384,Kanniyakumari,IN,2021-10-28 19:03:04,8.0833,77.5667,80.56,78,100,3.76
385,Pangnirtung,CA,2021-10-28 19:03:05,66.1451,-65.7125,33.8,100,90,2.3
386,Bonavista,CA,2021-10-28 19:03:05,48.6499,-53.1147,40.12,73,100,16.28
387,Maxixe,MZ,2021-10-28 19:03:06,-23.8597,35.3472,66.6,65,15,7.18
388,Sisimiut,GL,2021-10-28 19:03:06,66.9395,-53.6735,27.32,84,100,10.87
389,Namatanai,PG,2021-10-28 19:03:07,-3.6667,152.4333,80.44,78,97,7.2
390,Kavieng,PG,2021-10-28 19:03:07,-2.5744,150.7967,82.09,76,60,9.37
391,Goianesia,BR,2021-10-28 19:03:07,-15.3175,-49.1175,93.45,27,59,6.13
392,Pelopion,GR,2021-10-28 19:03:08,37.6833,21.5833,63.36,67,0,6.89
393,Ponta Delgada,PT,2021-10-28 19:03:08,37.7333,-25.6667,68.72,83,40,9.22
394,Irtyshskiy,RU,2021-10-28 19:03:09,58.3333,68.1333,34.75,91,100,14.16
395,Ternate,ID,2021-10-28 19:03:09,0.8,127.4,80.58,80,76,3.74
396,Bangassou,CF,2021-10-28 19:03:10,4.7413,22.8184,72.23,93,98,1.41
397,Carutapera,BR,2021-10-28 19:03:10,-1.195,-46.02,82.94,70,90,6.08
398,Tahe,CN,2021-10-28 19:03:11,52.3333,124.7333,33.55,76,100,2.59
399,Okha,RU,2021-10-28 19:03:11,53.5739,142.9478,32.0,91,14,1.81
400,Jiangyan,CN,2021-10-28 19:03:12,32.5061,120.1428,54.84,70,98,3.56
401,Moussoro,TD,2021-10-28 19:03:12,13.6408,16.4901,91.65,13,5,10.45
402,Teeli,RU,2021-10-28 19:03:12,51.0333,90.2333,30.2,79,37,0.85
403,San Policarpo,PH,2021-10-28 19:03:13,12.1791,125.5072,79.74,83,90,6.93
404,Port Pirie,AU,2021-10-28 19:03:13,-33.1833,138.0167,55.49,81,98,15.21
405,Atar,MR,2021-10-28 19:03:14,20.5169,-13.0499,81.01,42,100,2.71
406,Cacoal,BR,2021-10-28 19:03:14,-11.4386,-61.4472,88.41,53,99,9.01
407,Semey,KZ,2021-10-28 19:03:15,50.4111,80.2275,35.35,84,13,7.23
408,Antanifotsy,MG,2021-10-28 19:03:15,-19.65,47.3167,56.79,86,97,5.7
409,Laibin,CN,2021-10-28 19:03:15,23.7,109.2667,66.56,85,94,4.9
410,Novonikolayevskaya,RU,2021-10-28 19:03:16,45.5892,38.3689,46.89,60,100,4.0
411,Kerema,PG,2021-10-28 19:03:16,-7.9631,145.7785,78.31,89,44,2.48
412,Ilulissat,GL,2021-10-28 19:03:17,69.2167,-51.1,24.82,68,75,6.91
413,Cayenne,GF,2021-10-28 19:00:07,4.9333,-52.3333,87.84,73,100,5.99
414,Barroquinha,BR,2021-10-28 19:03:17,-3.0189,-41.1361,91.18,57,25,12.68
415,South Charleston,US,2021-10-28 19:01:25,38.3684,-81.6996,70.27,65,100,1.01
416,Lianran,CN,2021-10-28 19:03:18,24.9227,102.485,54.91,98,61,2.48
417,Jupiter,US,2021-10-28 19:01:56,26.9342,-80.0942,90.05,69,100,5.01
418,Vengerovo,RU,2021-10-28 19:03:19,55.6848,76.7471,38.05,47,100,18.05
419,Aldan,RU,2021-10-28 19:03:19,58.6031,125.3894,18.45,77,100,8.43
420,Riyadh,SA,2021-10-28 19:03:09,24.6877,46.7219,82.54,15,96,8.1
421,Paignton,GB,2021-10-28 19:03:20,50.4357,-3.5679,60.35,48,100,11.99
422,Soloneshnoye,RU,2021-10-28 19:03:20,51.6544,84.3197,32.58,85,18,4.14
423,Grindavik,IS,2021-10-28 19:03:21,63.8424,-22.4338,41.47,81,40,13.8
424,Timra,SE,2021-10-28 19:03:21,62.487,17.3257,37.11,100,90,2.3
425,Hambantota,LK,2021-10-28 19:03:21,6.1241,81.1185,77.34,100,75,1.14
426,Trapani,IT,2021-10-28 19:03:22,37.8333,12.6667,62.92,85,100,5.12
427,Garowe,SO,2021-10-28 19:03:22,8.4054,48.4845,77.32,48,0,12.59
428,Preston,GB,2021-10-28 19:03:23,53.7667,-2.7167,58.73,95,100,10.25
429,Yulara,AU,2021-10-28 19:03:23,-25.2406,130.9889,66.04,24,69,9.22
430,Nanchang,CN,2021-10-28 18:59:50,28.6833,115.8833,61.92,69,23,4.74
431,Narsaq,GL,2021-10-28 19:03:24,60.9167,-46.05,30.42,68,96,5.7
432,Jawhar,SO,2021-10-28 19:03:24,2.7809,45.5005,78.06,76,87,8.16
433,Fairbanks,US,2021-10-28 18:59:19,64.8378,-147.7164,22.3,92,90,3.44
434,Sovetskiy,RU,2021-10-28 19:03:11,61.3614,63.5842,29.88,78,100,15.19
435,Boyabat,TR,2021-10-28 19:03:25,41.4689,34.7667,50.52,85,59,1.41
436,Joshimath,IN,2021-10-28 19:03:25,30.5667,79.5667,51.1,31,0,7.05
437,Sao Felix Do Xingu,BR,2021-10-28 19:03:26,-6.6447,-51.995,99.5,23,42,1.28
438,Dingle,PH,2021-10-28 19:03:26,10.9995,122.6711,74.97,92,83,7.02
439,Whyalla,AU,2021-10-28 19:03:27,-33.0333,137.5833,55.29,82,90,17.27
440,Hirtshals,DK,2021-10-28 19:03:27,57.5881,9.9592,51.62,84,0,18.61
441,Uthal,PK,2021-10-28 19:03:27,25.8072,66.6219,78.84,41,0,4.07
442,North Platte,US,2021-10-28 19:00:56,41.1239,-100.7654,57.99,31,0,15.99
443,Luderitz,NA,2021-10-28 19:03:28,-26.6481,15.1594,58.69,93,11,6.49
444,Leshukonskoye,RU,2021-10-28 19:03:29,64.8989,45.7622,18.0,98,45,2.73
445,Padang,ID,2021-10-28 19:03:29,-0.9492,100.3543,78.46,81,100,3.27
446,Nyeri,KE,2021-10-28 19:03:30,-0.4201,36.9476,60.13,66,61,4.21
447,Honolulu,US,2021-10-28 19:03:29,21.3069,-157.8583,81.9,72,75,8.05
448,Ulaanbaatar,MN,2021-10-28 19:03:30,47.9077,106.8832,28.53,74,0,6.71
449,Tual,ID,2021-10-28 19:03:31,-5.6667,132.75,83.03,74,98,4.5
450,Chachapoyas,PE,2021-10-28 19:03:31,-6.2317,-77.869,60.55,86,91,4.16
451,Timmins,CA,2021-10-28 19:00:27,48.4669,-81.3331,53.04,47,100,7.74
452,Sirsilla,IN,2021-10-28 19:03:32,18.3833,78.8333,69.8,64,100,6.15
453,Nenjiang,CN,2021-10-28 19:03:32,49.1833,125.2167,37.51,67,2,8.01
454,Xining,CN,2021-10-28 19:00:12,36.6167,101.7667,37.45,76,28,1.16
455,Meulaboh,ID,2021-10-28 19:03:33,4.1363,96.1285,78.22,87,97,7.11
456,Bathurst,AU,2021-10-28 19:00:27,-33.4166,149.5806,66.85,45,100,4.81
457,Mareeba,AU,2021-10-28 19:03:33,-17.0,145.4333,66.92,96,44,2.89
458,Brae,GB,2021-10-28 19:03:34,60.3964,-1.353,49.91,84,100,5.39
459,Sinyavskoye,RU,2021-10-28 19:03:34,47.277,39.2789,48.76,72,100,8.3
460,Novobiryusinskiy,RU,2021-10-28 19:03:35,56.9578,97.7076,23.97,71,30,3.67
461,Kyakhta,RU,2021-10-28 19:03:35,50.3508,106.4494,33.82,67,100,12.46
462,Mayo,US,2021-10-28 19:03:36,38.8876,-76.5119,68.34,70,1,4.0
463,Robertsport,LR,2021-10-28 19:03:36,6.7533,-11.3686,80.24,78,100,6.08
464,Surgut,RU,2021-10-28 19:03:36,61.25,73.4167,32.18,100,90,11.18
465,Kamenka,RU,2021-10-28 19:03:37,51.3223,42.7678,44.33,92,100,10.31
466,Carpinteria,US,2021-10-28 19:03:37,34.3989,-119.5185,93.7,32,0,3.96
467,Antalaha,MG,2021-10-28 19:03:38,-14.9003,50.2788,72.43,85,7,4.76
468,Agirish,RU,2021-10-28 19:03:38,61.9247,63.0231,24.93,71,100,15.14
469,Knysna,ZA,2021-10-28 19:03:39,-34.0363,23.0471,69.53,73,100,4.23
470,Nicoya,CR,2021-10-28 19:03:39,10.1483,-85.452,85.55,79,95,3.09
471,Imbituba,BR,2021-10-28 19:03:40,-28.24,-48.6703,71.49,68,26,9.13
472,Moroto,UG,2021-10-28 19:03:40,2.5345,34.6666,74.91,44,82,11.27
473,Manaure,CO,2021-10-28 19:03:41,11.7751,-72.4445,86.68,63,92,8.68
474,Taoudenni,ML,2021-10-28 19:03:41,22.6783,-3.9836,87.85,28,93,9.24
475,Wad Madani,SD,2021-10-28 19:03:42,14.4012,33.5199,90.54,29,60,8.95
476,Asfi,MA,2021-10-28 19:03:42,32.2994,-9.2372,67.15,86,0,10.29
477,Deputatskiy,RU,2021-10-28 19:03:42,69.3,139.9,1.38,98,100,1.59
478,Flin Flon,CA,2021-10-28 19:03:43,54.7682,-101.865,46.99,64,7,9.71
479,Hluti,SZ,2021-10-28 19:03:43,-27.2167,31.6167,59.67,83,54,4.94
480,Chufarovo,RU,2021-10-28 19:03:44,54.0963,47.3367,42.42,93,100,9.51
481,Sinnamary,GF,2021-10-28 19:03:44,5.3833,-52.95,83.19,70,100,9.86
482,Zhanaozen,KZ,2021-10-28 19:03:45,43.3,52.8,43.5,39,0,10.67
483,Brawley,US,2021-10-28 19:03:45,32.9787,-115.5303,89.1,20,1,5.75
484,Kruisfontein,ZA,2021-10-28 19:03:45,-34.0033,24.7314,66.88,83,100,10.78
485,Jalu,LY,2021-10-28 19:03:46,29.0331,21.5482,76.28,38,16,4.27
486,Saint-Georges,GD,2021-10-28 19:03:41,12.0564,-61.7485,82.0,73,91,12.35
487,Nome,US,2021-10-28 19:03:46,64.5011,-165.4064,12.27,85,1,4.61
488,Sechura,PE,2021-10-28 19:03:47,-5.5569,-80.8222,76.89,57,26,15.86
489,Dawlatabad,AF,2021-10-28 19:03:47,36.4141,64.9053,46.4,69,0,4.54
490,Morgan City,US,2021-10-28 19:03:48,29.6994,-91.2068,73.0,43,0,19.71
491,Mount Vernon,US,2021-10-28 19:03:05,40.9126,-73.8371,62.91,67,40,5.01
492,Snasa,NO,2021-10-28 19:03:49,64.2457,12.3778,45.81,88,100,3.96
493,Kissidougou,GN,2021-10-28 19:03:49,9.1848,-10.0999,72.63,88,92,1.19
494,Birnin Kebbi,NG,2021-10-28 19:03:49,12.4539,4.1975,87.82,33,97,5.08
495,Ketchikan,US,2021-10-28 19:00:36,55.3422,-131.6461,42.08,82,89,4.38
496,Crusetu,RO,2021-10-28 19:03:50,44.6333,23.6667,46.02,56,42,1.97
497,Bac Lieu,VN,2021-10-28 18:59:15,9.285,105.7244,79.57,85,77,8.14
498,Carauari,BR,2021-10-28 19:03:51,-4.8828,-66.8958,86.04,62,93,2.73
499,Terney,RU,2021-10-28 19:03:51,45.0503,136.6092,39.02,77,3,8.95
500,Biu,NG,2021-10-28 19:03:52,10.6129,12.1946,77.38,28,2,1.88
501,Coahuayana,MX,2021-10-28 19:03:52,18.7333,-103.6833,89.08,56,12,5.1
502,Sungai Besar,MY,2021-10-28 19:03:53,3.6746,100.9867,78.48,89,100,5.01
503,Fortuna,US,2021-10-28 19:03:53,40.5982,-124.1573,69.37,69,1,1.01
504,Lazaro Cardenas,MX,2021-10-28 19:03:53,17.9583,-102.2,84.38,69,5,5.01
505,Marsh Harbour,BS,2021-10-28 19:03:54,26.5412,-77.0636,83.82,70,73,14.14
506,Khartoum,SD,2021-10-28 19:00:17,15.5518,32.5324,91.06,13,2,14.2
507,Pimentel,PE,2021-10-28 19:03:55,-6.8367,-79.9342,71.89,60,0,20.71
508,Duekoue,CI,2021-10-28 19:03:55,6.7472,-7.3496,73.47,95,54,1.39
509,Bambous Virieux,MU,2021-10-28 19:03:56,-20.3428,57.7575,75.22,76,4,10.11
510,Conakry,GN,2021-10-28 19:03:56,9.538,-13.6773,80.37,76,100,7.67
511,Raymondville,US,2021-10-28 19:03:56,26.4815,-97.7831,89.82,13,0,13.82
512,Lasa,IT,2021-10-28 19:03:57,46.6166,10.7002,42.37,49,7,3.83
513,Hasaki,JP,2021-10-28 19:03:57,35.7333,140.8333,52.2,55,72,28.14
514,Birao,CF,2021-10-28 19:03:58,10.2849,22.7882,82.49,34,94,5.93
515,Wilmington,US,2021-10-28 19:01:24,34.2257,-77.9447,71.51,67,1,13.8
516,Male,MV,2021-10-28 19:03:58,4.1748,73.5089,81.57,75,70,6.02
517,Mehamn,NO,2021-10-28 19:03:59,71.0357,27.8492,32.18,93,90,17.27
518,Michalovce,SK,2021-10-28 19:03:59,48.7543,21.9195,44.53,61,36,2.01
519,Tautira,PF,2021-10-28 19:03:59,-17.7333,-149.15,80.62,83,22,11.68
520,Bisalpur,IN,2021-10-28 19:04:00,28.3,79.8,67.05,66,0,2.44
521,Griffith,US,2021-10-28 19:04:00,41.5284,-87.4237,56.05,88,90,1.01
522,Henderson,US,2021-10-28 19:04:01,36.0397,-114.9819,80.37,27,1,9.22
523,Luwuk,ID,2021-10-28 19:04:01,-0.9516,122.7875,78.08,82,55,1.74
524,Sabang,ID,2021-10-28 19:04:02,5.8933,95.3214,82.54,77,66,11.5
525,Carros,FR,2021-10-28 19:04:03,43.7894,7.184,59.72,70,75,3.44
526,Mahanoro,MG,2021-10-28 19:04:03,-19.9,48.8,67.69,89,100,12.57
527,Binzhou,CN,2021-10-28 19:04:04,37.3667,118.0167,54.88,51,63,2.84
528,Prachuap Khiri Khan,TH,2021-10-28 19:04:04,12.2167,99.75,70.52,97,47,3.11
529,Tambopata,PE,2021-10-28 19:04:05,-12.7333,-69.1833,93.09,49,20,6.91
530,Olafsvik,IS,2021-10-28 19:04:05,64.8945,-23.7142,41.68,89,82,31.83
531,Netivot,IL,2021-10-28 19:04:05,31.4222,34.5886,73.62,37,55,4.12
532,Aksu,CN,2021-10-28 19:04:06,41.1231,80.2644,49.89,39,91,1.1
533,Abu Dhabi,AE,2021-10-28 19:04:06,24.4667,54.3667,84.22,61,0,6.91
534,Hofn,IS,2021-10-28 19:04:07,64.2539,-15.2082,42.94,92,100,14.97
535,Komsomolskiy,UZ,2021-10-28 19:04:07,40.4272,71.7189,50.72,57,100,4.61
536,Porangatu,BR,2021-10-28 19:04:07,-13.4408,-49.1486,98.1,22,58,3.8
537,Itarema,BR,2021-10-28 19:04:08,-2.9248,-39.9167,84.49,62,0,17.85
538,Khani,GE,2021-10-28 19:04:08,41.9563,42.9566,44.17,93,83,1.54
539,Batemans Bay,AU,2021-10-28 19:04:09,-35.7167,150.1833,65.91,60,1,5.68
540,Malatya,TR,2021-10-28 19:04:10,38.5,38.0,48.25,93,75,3.44
541,Waipawa,NZ,2021-10-28 19:04:10,-41.4122,175.5153,56.03,94,89,4.38
542,Zhezkazgan,KZ,2021-10-28 19:04:11,47.8043,67.7144,36.77,32,7,6.42
543,Sinegorsk,RU,2021-10-28 19:04:11,47.1667,142.5,38.86,94,100,5.55
544,Wasilla,US,2021-10-28 19:03:13,61.5814,-149.4394,33.4,65,90,8.99
545,Churapcha,RU,2021-10-28 19:04:12,62.0025,132.4325,14.25,94,16,7.2
546,Lobito,AO,2021-10-28 19:03:48,-12.3481,13.5456,74.14,79,39,3.49
547,Barsukovskaya,RU,2021-10-28 19:04:13,44.7632,41.8191,42.94,81,64,5.35
548,Ballarat,AU,2021-10-28 19:04:13,-37.5662,143.8496,49.98,98,100,20.54
549,Japura,ID,2021-10-28 19:04:13,-0.3167,102.35,74.57,98,100,2.1
550,Berlevag,NO,2021-10-28 19:04:14,70.8578,29.0864,30.15,80,75,17.27
